Season,T1Seed,T2Seed,TeamName_1,TeamName_2,Rd,Win
2020,1,8,Gonzaga,Oklahoma,32,
2020,5,13,Creighton,Ohio,32,
2020,3,6,Kansas,USC,32,
2020,2,7,Iowa,Oregon,32,
2020,1,8,Michigan,LSU,32,
2020,4,5,Florida St,Colorado,32,
2020,11,14,UCLA,Abilene Chr,32,
2020,2,10,Alabama,Maryland,32,
2020,1,9,Baylor,Wisconsin,32,
2020,5,13,Villanova,North Texas,32,
2020,3,6,Arkansas,Texas Tech,32,
2020,7,15,Florida,Oral Roberts,32,
2020,1,8,Illinois,Loyola-Chicago,32,
2020,4,12,Oklahoma St,Oregon St,32,
2020,3,11,West Virginia,Syracuse,32,
2020,2,10,Houston,Rutgers,32,